_id,timestamp,currentProgress,survey,config,test
6270ba0196f14ef90e103884,2022-05-03T05:13:38.390Z,survey,[object Object],[object Object],[object Object]
6270bb7696f14ef90e103885,2022-05-03T05:19:48.317Z,survey,[object Object],[object Object],[object Object]
6270c07096f14ef90e103886,2022-05-03T05:41:02.059Z,survey,[object Object],[object Object],[object Object]
6270cacf96f14ef90e103887,2022-05-03T06:25:20.534Z,survey,[object Object],[object Object],[object Object]
6270d9a696f14ef90e103888,2022-05-03T07:28:39.212Z,survey,[object Object],[object Object],[object Object]
6270de5996f14ef90e103889,2022-05-03T07:48:42.027Z,survey,[object Object],[object Object],[object Object]
6270ded696f14ef90e10388a,2022-05-03T07:50:47.648Z,survey,[object Object],[object Object],[object Object]
6270df6196f14ef90e10388b,2022-05-03T07:53:05.517Z,survey,[object Object],[object Object],[object Object]
6270e00796f14ef90e10388c,2022-05-03T07:55:50.914Z,survey,[object Object],[object Object],[object Object]
6270e04d96f14ef90e10388d,2022-05-03T07:57:00.630Z,survey,[object Object],[object Object],[object Object]
6270e09e96f14ef90e10388e,2022-05-03T07:58:22.631Z,survey,[object Object],[object Object],[object Object]
6270e0d196f14ef90e10388f,2022-05-03T07:59:12.660Z,survey,[object Object],[object Object],[object Object]
6270e0d196f14ef90e103890,2022-05-03T07:59:12.667Z,survey,[object Object],[object Object],[object Object]
6270e1df96f14ef90e103891,2022-05-03T08:03:47.423Z,survey,[object Object],[object Object],[object Object]
6270e31e96f14ef90e103892,2022-05-03T08:09:01.986Z,survey,[object Object],[object Object],[object Object]
6270e34096f14ef90e103893,2022-05-03T08:09:35.281Z,survey,[object Object],[object Object],[object Object]
6270e4fc96f14ef90e103894,2022-05-03T08:16:59.878Z,survey,[object Object],[object Object],[object Object]
6270e79096f14ef90e103895,2022-05-03T08:28:00.384Z,survey,[object Object],[object Object],[object Object]
6270e7b596f14ef90e103896,2022-05-03T08:28:37.607Z,survey,[object Object],[object Object],[object Object]
6270e7b596f14ef90e103897,2022-05-03T08:28:37.610Z,survey,[object Object],[object Object],[object Object]
6270e9b296f14ef90e103898,2022-05-03T08:37:06.697Z,survey,[object Object],[object Object],[object Object]
6270e9ba96f14ef90e103899,2022-05-03T08:37:14.422Z,survey,[object Object],[object Object],[object Object]
6270edc896f14ef90e10389a,2022-05-03T08:54:32.155Z,survey,[object Object],[object Object],[object Object]
6270eee896f14ef90e10389b,2022-05-03T08:59:19.515Z,survey,[object Object],[object Object],[object Object]
6270ef1f96f14ef90e10389c,2022-05-03T09:00:16.188Z,survey,[object Object],[object Object],[object Object]
6270efb096f14ef90e10389d,2022-05-03T09:02:40.259Z,survey,[object Object],[object Object],[object Object]
6270f19f96f14ef90e10389e,2022-05-03T09:10:55.239Z,survey,[object Object],[object Object],[object Object]
6270f19f96f14ef90e10389f,2022-05-03T09:10:55.237Z,survey,[object Object],[object Object],[object Object]
6270f21996f14ef90e1038a0,2022-05-03T09:12:56.275Z,survey,[object Object],[object Object],[object Object]
6270f27796f14ef90e1038a1,2022-05-03T09:15:37.022Z,survey,[object Object],[object Object],[object Object]
6270f2b396f14ef90e1038a2,2022-05-03T09:15:30.533Z,survey,[object Object],[object Object],[object Object]
6270f2b996f14ef90e1038a3,2022-05-03T09:15:32.109Z,survey,[object Object],[object Object],[object Object]
6270f2e296f14ef90e1038a4,2022-05-03T09:16:18.224Z,survey,[object Object],[object Object],[object Object]
6270f30296f14ef90e1038a5,2022-05-03T09:16:48.711Z,survey,[object Object],[object Object],[object Object]
6270f31896f14ef90e1038a6,2022-05-03T09:17:13.600Z,survey,[object Object],[object Object],[object Object]
6270f31b96f14ef90e1038a7,2022-05-03T09:17:13.582Z,survey,[object Object],[object Object],[object Object]
6270f34b96f14ef90e1038a8,2022-05-03T09:18:02.592Z,survey,[object Object],[object Object],[object Object]
6270f39c96f14ef90e1038a9,2022-05-03T09:19:22.483Z,survey,[object Object],[object Object],[object Object]
6270f3b596f14ef90e1038aa,2022-05-03T09:19:49.195Z,survey,[object Object],[object Object],[object Object]
6270f3e896f14ef90e1038ab,2022-05-03T09:20:42.013Z,survey,[object Object],[object Object],[object Object]
6270f42196f14ef90e1038ac,2022-05-03T09:21:37.288Z,survey,[object Object],[object Object],[object Object]
6270f46a96f14ef90e1038ad,2022-05-03T09:22:50.204Z,survey,[object Object],[object Object],[object Object]
6270f4a496f14ef90e1038ae,2022-05-03T09:23:48.709Z,survey,[object Object],[object Object],[object Object]
6270f4a496f14ef90e1038af,2022-05-03T09:23:47.464Z,survey,[object Object],[object Object],[object Object]
6270f4bd96f14ef90e1038b0,2022-05-03T09:24:13.370Z,survey,[object Object],[object Object],[object Object]
6270f4e396f14ef90e1038b1,2022-05-03T09:24:50.643Z,survey,[object Object],[object Object],[object Object]
6270f50496f14ef90e1038b2,2022-05-03T09:25:23.009Z,survey,[object Object],[object Object],[object Object]
6270f53c96f14ef90e1038b3,2022-05-03T09:26:20.786Z,survey,[object Object],[object Object],[object Object]
6270f57d96f14ef90e1038b4,2022-05-03T09:27:26.298Z,survey,[object Object],[object Object],[object Object]
6270f58b96f14ef90e1038b5,2022-05-03T09:27:39.587Z,survey,[object Object],[object Object],[object Object]
6270f5ac96f14ef90e1038b6,2022-05-03T09:28:12.963Z,survey,[object Object],[object Object],[object Object]
6270f5ac96f14ef90e1038b7,2022-05-03T09:28:12.957Z,survey,[object Object],[object Object],[object Object]
6270f5b496f14ef90e1038b8,2022-05-03T09:28:20.773Z,survey,[object Object],[object Object],[object Object]
6270f5ed96f14ef90e1038b9,2022-05-03T09:29:18.241Z,survey,[object Object],[object Object],[object Object]
6270f5f896f14ef90e1038ba,2022-05-03T09:29:29.057Z,survey,[object Object],[object Object],[object Object]
6270f61a96f14ef90e1038bb,2022-05-03T09:30:03.532Z,survey,[object Object],[object Object],[object Object]
6270f62396f14ef90e1038bc,2022-05-03T09:30:12.300Z,survey,[object Object],[object Object],[object Object]
6270f62396f14ef90e1038bd,2022-05-03T09:30:12.307Z,survey,[object Object],[object Object],[object Object]
6270f66096f14ef90e1038be,2022-05-03T09:31:11.527Z,survey,[object Object],[object Object],[object Object]
6270f66896f14ef90e1038bf,2022-05-03T09:31:20.113Z,survey,[object Object],[object Object],[object Object]
6270f66996f14ef90e1038c0,2022-05-03T09:31:21.749Z,survey,[object Object],[object Object],[object Object]
6270f6a396f14ef90e1038c1,2022-05-03T09:32:19.457Z,survey,[object Object],[object Object],[object Object]
6270f6b996f14ef90e1038c2,2022-05-03T09:32:40.060Z,survey,[object Object],[object Object],[object Object]
6270f6c796f14ef90e1038c3,2022-05-03T09:32:55.686Z,survey,[object Object],[object Object],[object Object]
6270f6de96f14ef90e1038c4,2022-05-03T09:33:22.089Z,survey,[object Object],[object Object],[object Object]
6270f6f796f14ef90e1038c5,2022-05-03T09:33:43.696Z,survey,[object Object],[object Object],[object Object]
6270f74b96f14ef90e1038c6,2022-05-03T09:35:07.288Z,survey,[object Object],[object Object],[object Object]
6270f74b96f14ef90e1038c7,2022-05-03T09:35:07.292Z,survey,[object Object],[object Object],[object Object]
6270f77e96f14ef90e1038c8,2022-05-03T09:35:58.539Z,survey,[object Object],[object Object],[object Object]
6270f77e96f14ef90e1038c9,2022-05-03T09:35:58.541Z,survey,[object Object],[object Object],[object Object]
6270f78796f14ef90e1038ca,2022-05-03T09:36:07.699Z,survey,[object Object],[object Object],[object Object]
6270f79396f14ef90e1038cb,2022-05-03T09:36:21.035Z,survey,[object Object],[object Object],[object Object]
6270f79596f14ef90e1038cc,2022-05-03T09:36:20.860Z,survey,[object Object],[object Object],[object Object]
6270f79596f14ef90e1038cd,2022-05-03T09:36:20.861Z,survey,[object Object],[object Object],[object Object]
6270f79596f14ef90e1038ce,2022-05-03T09:36:20.862Z,survey,[object Object],[object Object],[object Object]
6270f81c96f14ef90e1038cf,2022-05-03T09:38:35.980Z,survey,[object Object],[object Object],[object Object]
6270f84696f14ef90e1038d0,2022-05-03T09:39:18.303Z,survey,[object Object],[object Object],[object Object]
6270f84696f14ef90e1038d1,2022-05-03T09:39:18.308Z,survey,[object Object],[object Object],[object Object]
6270f84696f14ef90e1038d2,2022-05-03T09:39:18.306Z,survey,[object Object],[object Object],[object Object]
6270f84696f14ef90e1038d3,2022-05-03T09:39:18.310Z,survey,[object Object],[object Object],[object Object]
6270f85796f14ef90e1038d4,2022-05-03T09:39:35.438Z,survey,[object Object],[object Object],[object Object]
6270f86296f14ef90e1038d5,2022-05-03T09:39:44.552Z,survey,[object Object],[object Object],[object Object]
6270f86796f14ef90e1038d6,2022-05-03T09:39:51.100Z,survey,[object Object],[object Object],[object Object]
6270f87c96f14ef90e1038d7,2022-05-03T09:40:12.454Z,survey,[object Object],[object Object],[object Object]
6270f89096f14ef90e1038d8,2022-05-03T09:40:32.454Z,survey,[object Object],[object Object],[object Object]
6270f89396f14ef90e1038d9,2022-05-03T09:40:34.105Z,survey,[object Object],[object Object],[object Object]
6270f89496f14ef90e1038da,2022-05-03T09:40:35.320Z,survey,[object Object],[object Object],[object Object]
6270f89e96f14ef90e1038db,2022-05-03T09:40:46.640Z,survey,[object Object],[object Object],[object Object]
6270f89e96f14ef90e1038dc,2022-05-03T09:40:46.642Z,survey,[object Object],[object Object],[object Object]
6270f8c096f14ef90e1038dd,2022-05-03T09:41:20.071Z,survey,[object Object],[object Object],[object Object]
6270f8dd96f14ef90e1038de,2022-05-03T09:41:48.852Z,survey,[object Object],[object Object],[object Object]
6270f8e496f14ef90e1038df,2022-05-03T09:41:56.570Z,survey,[object Object],[object Object],[object Object]
6270f8f096f14ef90e1038e0,2022-05-03T09:42:07.899Z,survey,[object Object],[object Object],[object Object]
6270f8f096f14ef90e1038e1,2022-05-03T09:42:07.884Z,survey,[object Object],[object Object],[object Object]
6270f90396f14ef90e1038e2,2022-05-03T09:42:27.371Z,survey,[object Object],[object Object],[object Object]
6270f92c96f14ef90e1038e3,2022-05-03T09:45:27.123Z,survey,[object Object],[object Object],[object Object]
6270f92f96f14ef90e1038e4,2022-05-03T09:43:10.731Z,survey,[object Object],[object Object],[object Object]
6270f93e96f14ef90e1038e5,2022-05-03T09:43:25.596Z,survey,[object Object],[object Object],[object Object]
6270f95096f14ef90e1038e6,2022-05-03T09:43:44.704Z,survey,[object Object],[object Object],[object Object]
6270f97196f14ef90e1038e7,2022-05-03T09:46:36.462Z,survey,[object Object],[object Object],[object Object]
6270f97596f14ef90e1038e8,2022-05-03T09:44:20.707Z,survey,[object Object],[object Object],[object Object]
6270f98796f14ef90e1038e9,2022-05-03T09:44:37.535Z,survey,[object Object],[object Object],[object Object]
6270f99596f14ef90e1038ea,2022-05-03T09:44:50.868Z,survey,[object Object],[object Object],[object Object]
6270f9a196f14ef90e1038eb,2022-05-03T09:45:06.331Z,survey,[object Object],[object Object],[object Object]
6270f9ae96f14ef90e1038ec,2022-05-03T09:45:17.846Z,survey,[object Object],[object Object],[object Object]
6270f9b196f14ef90e1038ed,2022-05-03T09:45:20.865Z,survey,[object Object],[object Object],[object Object]
6270f9bd96f14ef90e1038ee,2022-05-03T09:45:32.899Z,survey,[object Object],[object Object],[object Object]
6270f9c996f14ef90e1038ef,2022-05-03T09:45:45.222Z,survey,[object Object],[object Object],[object Object]
6270f9cd96f14ef90e1038f0,2022-05-03T09:45:49.139Z,survey,[object Object],[object Object],[object Object]
6270f9ce96f14ef90e1038f1,2022-05-03T09:45:50.006Z,survey,[object Object],[object Object],[object Object]
6270f9cf96f14ef90e1038f2,2022-05-03T09:45:51.039Z,survey,[object Object],[object Object],[object Object]
6270f9e696f14ef90e1038f3,2022-05-03T09:46:13.933Z,survey,[object Object],[object Object],[object Object]
6270f9e696f14ef90e1038f4,2022-05-03T09:46:13.935Z,survey,[object Object],[object Object],[object Object]
6270f9ed96f14ef90e1038f5,2022-05-03T09:46:22.110Z,survey,[object Object],[object Object],[object Object]
6270f9ee96f14ef90e1038f6,2022-05-03T09:46:22.106Z,survey,[object Object],[object Object],[object Object]
6270f9ef96f14ef90e1038f7,2022-05-03T09:46:23.512Z,survey,[object Object],[object Object],[object Object]
6270fa0a96f14ef90e1038f8,2022-05-03T09:46:49.918Z,survey,[object Object],[object Object],[object Object]
6270fa1596f14ef90e1038f9,2022-05-03T09:47:02.394Z,survey,[object Object],[object Object],[object Object]
6270fa1b96f14ef90e1038fa,2022-05-03T09:47:07.060Z,survey,[object Object],[object Object],[object Object]
6270fa1e96f14ef90e1038fb,2022-05-03T09:47:10.140Z,survey,[object Object],[object Object],[object Object]
6270fa2e96f14ef90e1038fc,2022-05-03T09:47:26.204Z,survey,[object Object],[object Object],[object Object]
6270fa3a96f14ef90e1038fd,2022-05-03T09:47:38.190Z,survey,[object Object],[object Object],[object Object]
6270fa3a96f14ef90e1038fe,2022-05-03T09:47:38.198Z,survey,[object Object],[object Object],[object Object]
6270fa4296f14ef90e1038ff,2022-05-03T09:47:45.776Z,survey,[object Object],[object Object],[object Object]
6270fa5396f14ef90e103900,2022-05-03T09:48:01.663Z,survey,[object Object],[object Object],[object Object]
6270fa5396f14ef90e103901,2022-05-03T09:48:01.659Z,survey,[object Object],[object Object],[object Object]
6270fa6496f14ef90e103902,2022-05-03T09:48:20.376Z,survey,[object Object],[object Object],[object Object]
6270fa6596f14ef90e103903,2022-05-03T09:48:20.227Z,survey,[object Object],[object Object],[object Object]
6270fa6c96f14ef90e103904,2022-05-03T09:48:28.482Z,survey,[object Object],[object Object],[object Object]
6270fa6d96f14ef90e103905,2022-05-03T09:48:29.417Z,survey,[object Object],[object Object],[object Object]
6270fa7796f14ef90e103906,2022-05-03T09:48:39.148Z,survey,[object Object],[object Object],[object Object]
6270fa7e96f14ef90e103907,2022-05-03T09:48:45.035Z,survey,[object Object],[object Object],[object Object]
6270fa8b96f14ef90e103908,2022-05-03T09:48:58.547Z,survey,[object Object],[object Object],[object Object]
6270fa9096f14ef90e103909,2022-05-03T09:49:03.729Z,survey,[object Object],[object Object],[object Object]
6270faa496f14ef90e10390a,2022-05-03T09:49:23.805Z,survey,[object Object],[object Object],[object Object]
6270faa496f14ef90e10390b,2022-05-03T09:49:23.807Z,survey,[object Object],[object Object],[object Object]
6270faa896f14ef90e10390c,2022-05-03T09:49:27.384Z,survey,[object Object],[object Object],[object Object]
6270fab196f14ef90e10390d,2022-05-03T09:49:37.909Z,survey,[object Object],[object Object],[object Object]
6270fac396f14ef90e10390e,2022-05-03T09:49:55.723Z,survey,[object Object],[object Object],[object Object]
6270face96f14ef90e10390f,2022-05-03T09:50:06.177Z,survey,[object Object],[object Object],[object Object]
6270face96f14ef90e103910,2022-05-03T09:50:06.271Z,survey,[object Object],[object Object],[object Object]
6270facf96f14ef90e103911,2022-05-03T09:50:07.631Z,survey,[object Object],[object Object],[object Object]
6270fad696f14ef90e103912,2022-05-03T09:50:12.752Z,survey,[object Object],[object Object],[object Object]
6270fb1096f14ef90e103913,2022-05-03T09:51:13.005Z,survey,[object Object],[object Object],[object Object]
6270fb2596f14ef90e103914,2022-05-03T09:51:32.847Z,survey,[object Object],[object Object],[object Object]
6270fb2596f14ef90e103915,2022-05-03T09:51:32.848Z,survey,[object Object],[object Object],[object Object]
6270fb2596f14ef90e103916,2022-05-03T09:51:32.850Z,survey,[object Object],[object Object],[object Object]
6270fb2896f14ef90e103917,2022-05-03T09:51:35.223Z,survey,[object Object],[object Object],[object Object]
6270fb3696f14ef90e103918,2022-05-03T09:51:49.718Z,survey,[object Object],[object Object],[object Object]
6270fb3f96f14ef90e103919,2022-05-03T09:51:57.974Z,survey,[object Object],[object Object],[object Object]
6270fb4696f14ef90e10391a,2022-05-03T09:52:05.603Z,survey,[object Object],[object Object],[object Object]
6270fb4896f14ef90e10391b,2022-05-03T09:52:08.590Z,survey,[object Object],[object Object],[object Object]
6270fb7096f14ef90e10391c,2022-05-03T10:02:46.389Z,survey,[object Object],[object Object],[object Object]
6270fb7096f14ef90e10391d,2022-05-03T09:52:48.553Z,survey,[object Object],[object Object],[object Object]
6270fb7096f14ef90e10391e,2022-05-03T09:52:48.556Z,survey,[object Object],[object Object],[object Object]
6270fb7596f14ef90e10391f,2022-05-03T09:52:54.710Z,survey,[object Object],[object Object],[object Object]
6270fb7b96f14ef90e103920,2022-05-03T09:52:58.282Z,survey,[object Object],[object Object],[object Object]
6270fb8d96f14ef90e103921,2022-05-03T09:53:17.119Z,survey,[object Object],[object Object],[object Object]
6270fb9696f14ef90e103922,2022-05-03T09:53:26.559Z,survey,[object Object],[object Object],[object Object]
6270fb9996f14ef90e103923,2022-05-03T09:53:30.138Z,survey,[object Object],[object Object],[object Object]
6270fbac96f14ef90e103924,2022-05-03T09:53:48.515Z,survey,[object Object],[object Object],[object Object]
6270fbb796f14ef90e103925,2022-05-03T09:53:56.034Z,survey,[object Object],[object Object],[object Object]
6270fbb896f14ef90e103926,2022-05-03T09:53:59.305Z,survey,[object Object],[object Object],[object Object]
6270fbbb96f14ef90e103927,2022-05-03T09:54:02.910Z,survey,[object Object],[object Object],[object Object]
6270fbbc96f14ef90e103928,2022-05-03T09:54:04.819Z,survey,[object Object],[object Object],[object Object]
6270fbd796f14ef90e103929,2022-05-03T09:54:31.088Z,survey,[object Object],[object Object],[object Object]
6270fbe696f14ef90e10392a,2022-05-03T09:54:45.833Z,survey,[object Object],[object Object],[object Object]
6270fbfd96f14ef90e10392b,2022-05-03T09:55:09.656Z,survey,[object Object],[object Object],[object Object]
6270fc2996f14ef90e10392c,2022-05-03T09:55:54.025Z,survey,[object Object],[object Object],[object Object]
6270fc3996f14ef90e10392d,2022-05-03T09:56:09.948Z,survey,[object Object],[object Object],[object Object]
6270fc4196f14ef90e10392e,2022-05-03T09:56:16.651Z,survey,[object Object],[object Object],[object Object]
6270fc7e96f14ef90e10392f,2022-05-03T09:57:15.958Z,survey,[object Object],[object Object],[object Object]
6270fc8096f14ef90e103930,2022-05-03T09:57:20.068Z,survey,[object Object],[object Object],[object Object]
6270fc8596f14ef90e103931,2022-05-03T09:57:25.988Z,survey,[object Object],[object Object],[object Object]
6270fca396f14ef90e103932,2022-05-03T09:57:56.514Z,survey,[object Object],[object Object],[object Object]
6270fca996f14ef90e103933,2022-05-03T09:58:00.529Z,survey,[object Object],[object Object],[object Object]
6270fca996f14ef90e103934,2022-05-03T09:58:01.925Z,survey,[object Object],[object Object],[object Object]
6270fcb796f14ef90e103935,2022-05-03T09:58:16.133Z,survey,[object Object],[object Object],[object Object]
6270fcbb96f14ef90e103936,2022-05-03T09:58:20.107Z,survey,[object Object],[object Object],[object Object]
6270fcbe96f14ef90e103937,2022-05-03T09:58:23.317Z,survey,[object Object],[object Object],[object Object]
6270fcd096f14ef90e103938,2022-05-03T09:58:40.067Z,survey,[object Object],[object Object],[object Object]
6270fcd696f14ef90e103939,2022-05-03T09:58:43.616Z,survey,[object Object],[object Object],[object Object]
6270fce196f14ef90e10393a,2022-05-03T09:58:56.403Z,survey,[object Object],[object Object],[object Object]
6270fce196f14ef90e10393b,2022-05-03T10:08:56.213Z,survey,[object Object],[object Object],[object Object]
6270fce296f14ef90e10393c,2022-05-03T09:59:01.827Z,survey,[object Object],[object Object],[object Object]
6270fce296f14ef90e10393d,2022-05-03T09:58:58.444Z,survey,[object Object],[object Object],[object Object]
6270fcfc96f14ef90e10393e,2022-05-03T09:59:25.115Z,survey,[object Object],[object Object],[object Object]
6270fd0396f14ef90e10393f,2022-05-03T09:59:29.218Z,survey,[object Object],[object Object],[object Object]
6270fd1196f14ef90e103940,2022-05-03T09:59:45.398Z,survey,[object Object],[object Object],[object Object]
6270fd1796f14ef90e103941,2022-05-03T09:59:49.631Z,survey,[object Object],[object Object],[object Object]
6270fd2396f14ef90e103942,2022-05-03T10:00:03.505Z,survey,[object Object],[object Object],[object Object]
6270fd4696f14ef90e103943,2022-05-03T10:00:37.998Z,survey,[object Object],[object Object],[object Object]
6270fd4d96f14ef90e103944,2022-05-03T10:00:43.328Z,survey,[object Object],[object Object],[object Object]
6270fd5e96f14ef90e103945,2022-05-03T10:01:03.136Z,survey,[object Object],[object Object],[object Object]
6270fd8296f14ef90e103946,2022-05-03T10:01:38.605Z,survey,[object Object],[object Object],[object Object]
6270fd8396f14ef90e103947,2022-05-03T10:01:37.334Z,survey,[object Object],[object Object],[object Object]
6270fdb596f14ef90e103948,2022-05-03T10:02:28.472Z,survey,[object Object],[object Object],[object Object]
6270fdb996f14ef90e103949,2022-05-03T10:02:30.849Z,survey,[object Object],[object Object],[object Object]
6270fdcb96f14ef90e10394a,2022-05-03T10:02:52.014Z,survey,[object Object],[object Object],[object Object]
6270fde896f14ef90e10394b,2022-05-03T10:03:18.732Z,survey,[object Object],[object Object],[object Object]
6270fdf896f14ef90e10394c,2022-05-03T10:03:35.308Z,survey,[object Object],[object Object],[object Object]
6270fdfc96f14ef90e10394d,2022-05-03T10:03:40.599Z,survey,[object Object],[object Object],[object Object]
6270fe0496f14ef90e10394e,2022-05-03T10:04:09.758Z,survey,[object Object],[object Object],[object Object]
6270fe0a96f14ef90e10394f,2022-05-03T10:03:53.975Z,survey,[object Object],[object Object],[object Object]
6270fe6e96f14ef90e103950,2022-05-03T10:05:34.712Z,survey,[object Object],[object Object],[object Object]
6270fe7196f14ef90e103951,2022-05-03T10:05:36.954Z,survey,[object Object],[object Object],[object Object]
6270fe7596f14ef90e103952,2022-05-03T10:05:38.836Z,survey,[object Object],[object Object],[object Object]
6270fe7996f14ef90e103953,2022-05-03T10:05:44.973Z,survey,[object Object],[object Object],[object Object]
6270fe8c96f14ef90e103954,2022-05-03T10:06:03.898Z,survey,[object Object],[object Object],[object Object]
6270feab96f14ef90e103955,2022-05-03T10:06:36.436Z,survey,[object Object],[object Object],[object Object]
6270feb496f14ef90e103956,2022-05-03T10:06:43.856Z,survey,[object Object],[object Object],[object Object]
6270feb896f14ef90e103957,2022-05-03T10:06:48.541Z,survey,[object Object],[object Object],[object Object]
6270ff0f96f14ef90e103958,2022-05-03T10:08:13.938Z,survey,[object Object],[object Object],[object Object]
6270ff6796f14ef90e103959,2022-05-03T10:09:42.909Z,survey,[object Object],[object Object],[object Object]
6270ff7796f14ef90e10395a,2022-05-03T10:09:59.399Z,survey,[object Object],[object Object],[object Object]
6270ff8096f14ef90e10395b,2022-05-03T10:10:08.260Z,survey,[object Object],[object Object],[object Object]
6270ff9696f14ef90e10395c,2022-05-03T10:10:30.173Z,survey,[object Object],[object Object],[object Object]
6270ff9996f14ef90e10395d,2022-05-03T10:10:32.115Z,survey,[object Object],[object Object],[object Object]
6270ffbb96f14ef90e10395e,2022-05-03T10:11:07.498Z,survey,[object Object],[object Object],[object Object]
6270ffc396f14ef90e10395f,2022-05-03T10:11:16.430Z,survey,[object Object],[object Object],[object Object]
6270ffc396f14ef90e103960,2022-05-03T10:11:16.418Z,survey,[object Object],[object Object],[object Object]
6270ffe196f14ef90e103961,2022-05-03T10:11:44.864Z,survey,[object Object],[object Object],[object Object]
6271000a96f14ef90e103962,2022-05-03T10:12:26.025Z,survey,[object Object],[object Object],[object Object]
6271002096f14ef90e103963,2022-05-03T10:12:48.881Z,survey,[object Object],[object Object],[object Object]
6271004a96f14ef90e103964,2022-05-03T10:13:30.973Z,survey,[object Object],[object Object],[object Object]
6271005d96f14ef90e103965,2022-05-03T10:13:50.362Z,survey,[object Object],[object Object],[object Object]
6271006696f14ef90e103966,2022-05-03T10:13:58.947Z,survey,[object Object],[object Object],[object Object]
627100ac96f14ef90e103967,2022-05-03T10:15:08.101Z,survey,[object Object],[object Object],[object Object]
627100df96f14ef90e103968,2022-05-03T10:15:57.586Z,survey,[object Object],[object Object],[object Object]
627100e696f14ef90e103969,2022-05-03T10:16:04.575Z,survey,[object Object],[object Object],[object Object]
6271010b96f14ef90e10396a,2022-05-03T10:16:42.367Z,survey,[object Object],[object Object],[object Object]
6271011996f14ef90e10396b,2022-05-03T10:16:56.966Z,survey,[object Object],[object Object],[object Object]
6271011996f14ef90e10396c,2022-05-03T10:16:57.657Z,survey,[object Object],[object Object],[object Object]
6271011996f14ef90e10396d,2022-05-03T10:16:57.810Z,survey,[object Object],[object Object],[object Object]
6271014796f14ef90e10396e,2022-05-03T10:17:42.381Z,survey,[object Object],[object Object],[object Object]
6271016296f14ef90e10396f,2022-05-03T10:18:10.499Z,survey,[object Object],[object Object],[object Object]
6271019996f14ef90e103970,2022-05-03T10:19:05.588Z,survey,[object Object],[object Object],[object Object]
6271019d96f14ef90e103971,2022-05-03T10:19:08.605Z,survey,[object Object],[object Object],[object Object]
627101b596f14ef90e103972,2022-05-03T10:19:33.136Z,survey,[object Object],[object Object],[object Object]
627101d496f14ef90e103973,2022-05-03T10:20:03.563Z,survey,[object Object],[object Object],[object Object]
627101d496f14ef90e103974,2022-05-03T10:20:03.730Z,survey,[object Object],[object Object],[object Object]
627101dc96f14ef90e103975,2022-05-03T10:20:11.348Z,survey,[object Object],[object Object],[object Object]
627101dc96f14ef90e103976,2022-05-03T10:20:11.354Z,survey,[object Object],[object Object],[object Object]
627101e796f14ef90e103977,2022-05-03T10:20:22.049Z,survey,[object Object],[object Object],[object Object]
627101eb96f14ef90e103978,2022-05-03T10:20:26.220Z,survey,[object Object],[object Object],[object Object]
627101eb96f14ef90e103979,2022-05-03T10:20:26.225Z,survey,[object Object],[object Object],[object Object]
627101eb96f14ef90e10397a,2022-05-03T10:20:26.231Z,survey,[object Object],[object Object],[object Object]
6271020a96f14ef90e10397b,2022-05-03T10:20:57.219Z,survey,[object Object],[object Object],[object Object]
6271021196f14ef90e10397c,2022-05-03T10:21:04.201Z,survey,[object Object],[object Object],[object Object]
6271022296f14ef90e10397d,2022-05-03T10:21:21.019Z,survey,[object Object],[object Object],[object Object]
6271022f96f14ef90e10397e,2022-05-03T10:21:35.076Z,survey,[object Object],[object Object],[object Object]
6271023496f14ef90e10397f,2022-05-03T10:21:40.256Z,survey,[object Object],[object Object],[object Object]
6271025896f14ef90e103980,2022-05-03T10:22:15.188Z,survey,[object Object],[object Object],[object Object]
6271025896f14ef90e103981,2022-05-03T10:22:15.189Z,survey,[object Object],[object Object],[object Object]
627102a496f14ef90e103982,2022-05-03T10:23:34.428Z,survey,[object Object],[object Object],[object Object]
627102c096f14ef90e103983,2022-05-03T10:24:00.366Z,survey,[object Object],[object Object],[object Object]
627102d096f14ef90e103984,2022-05-03T10:24:16.004Z,survey,[object Object],[object Object],[object Object]
627102de96f14ef90e103985,2022-05-03T10:24:29.836Z,survey,[object Object],[object Object],[object Object]
627102f496f14ef90e103986,2022-05-03T10:24:51.747Z,survey,[object Object],[object Object],[object Object]
627102f696f14ef90e103987,2022-05-03T10:24:53.917Z,survey,[object Object],[object Object],[object Object]
627102f696f14ef90e103988,2022-05-03T10:24:53.925Z,survey,[object Object],[object Object],[object Object]
6271033096f14ef90e103989,2022-05-03T10:25:53.525Z,survey,[object Object],[object Object],[object Object]
6271033396f14ef90e10398a,2022-05-03T10:25:56.870Z,survey,[object Object],[object Object],[object Object]
6271033696f14ef90e10398b,2022-05-03T10:25:57.827Z,survey,[object Object],[object Object],[object Object]
6271033996f14ef90e10398c,2022-05-03T10:26:01.158Z,survey,[object Object],[object Object],[object Object]
6271035296f14ef90e10398d,2022-05-03T10:26:26.161Z,survey,[object Object],[object Object],[object Object]
627103b996f14ef90e10398e,2022-05-03T10:28:08.176Z,survey,[object Object],[object Object],[object Object]
627103d296f14ef90e10398f,2022-05-03T10:28:33.734Z,survey,[object Object],[object Object],[object Object]
6271040596f14ef90e103990,2022-05-03T10:29:23.912Z,survey,[object Object],[object Object],[object Object]
6271041196f14ef90e103991,2022-05-03T10:29:36.938Z,survey,[object Object],[object Object],[object Object]
6271044496f14ef90e103992,2022-05-03T10:30:29.103Z,survey,[object Object],[object Object],[object Object]
6271045396f14ef90e103993,2022-05-03T10:30:42.805Z,survey,[object Object],[object Object],[object Object]
627104a696f14ef90e103994,2022-05-03T10:32:04.614Z,survey,[object Object],[object Object],[object Object]
627104cb96f14ef90e103995,2022-05-03T10:32:43.765Z,survey,[object Object],[object Object],[object Object]
627104e296f14ef90e103996,2022-05-03T10:33:06.487Z,survey,[object Object],[object Object],[object Object]
6271052296f14ef90e103997,2022-05-03T10:34:09.204Z,survey,[object Object],[object Object],[object Object]
6271053e96f14ef90e103998,2022-05-03T10:34:37.203Z,survey,[object Object],[object Object],[object Object]
6271054396f14ef90e103999,2022-05-03T10:34:42.124Z,survey,[object Object],[object Object],[object Object]
6271056596f14ef90e10399a,2022-05-03T10:35:17.221Z,survey,[object Object],[object Object],[object Object]
6271057f96f14ef90e10399b,2022-05-03T10:35:46.120Z,survey,[object Object],[object Object],[object Object]
627105fa96f14ef90e10399c,2022-05-03T10:37:44.394Z,survey,[object Object],[object Object],[object Object]
6271060096f14ef90e10399d,2022-05-03T10:37:52.159Z,survey,[object Object],[object Object],[object Object]
6271060096f14ef90e10399e,2022-05-03T10:37:52.167Z,survey,[object Object],[object Object],[object Object]
6271060396f14ef90e10399f,2022-05-03T10:37:52.940Z,survey,[object Object],[object Object],[object Object]
6271064e96f14ef90e1039a0,2022-05-03T10:39:10.746Z,survey,[object Object],[object Object],[object Object]
627106ce96f14ef90e1039a1,2022-05-03T10:41:18.657Z,survey,[object Object],[object Object],[object Object]
627106d096f14ef90e1039a2,2022-05-03T10:41:20.145Z,survey,[object Object],[object Object],[object Object]
627106e096f14ef90e1039a3,2022-05-03T10:41:35.837Z,survey,[object Object],[object Object],[object Object]
6271074596f14ef90e1039a4,2022-05-03T10:43:17.553Z,survey,[object Object],[object Object],[object Object]
6271074696f14ef90e1039a5,2022-05-03T10:43:17.652Z,survey,[object Object],[object Object],[object Object]
6271074696f14ef90e1039a6,2022-05-03T10:43:17.655Z,survey,[object Object],[object Object],[object Object]
627107c096f14ef90e1039a7,2022-05-03T10:45:21.666Z,survey,[object Object],[object Object],[object Object]
627107f196f14ef90e1039a8,2022-05-03T10:46:08.691Z,survey,[object Object],[object Object],[object Object]
627107f596f14ef90e1039a9,2022-05-03T10:46:12.471Z,survey,[object Object],[object Object],[object Object]
6271084c96f14ef90e1039aa,2022-05-03T10:47:39.808Z,survey,[object Object],[object Object],[object Object]
6271086a96f14ef90e1039ab,2022-05-03T10:48:10.110Z,survey,[object Object],[object Object],[object Object]
6271097396f14ef90e1039ac,2022-05-03T10:52:35.586Z,survey,[object Object],[object Object],[object Object]
6271098a96f14ef90e1039ad,2022-05-03T10:52:57.348Z,survey,[object Object],[object Object],[object Object]
62710be296f14ef90e1039ae,2022-05-03T11:02:58.147Z,survey,[object Object],[object Object],[object Object]
62710bf196f14ef90e1039af,2022-05-03T11:03:13.336Z,survey,[object Object],[object Object],[object Object]
62710c1696f14ef90e1039b0,2022-05-03T11:03:47.924Z,survey,[object Object],[object Object],[object Object]
62710c2196f14ef90e1039b1,2022-05-03T11:03:59.962Z,survey,[object Object],[object Object],[object Object]
62710c2c96f14ef90e1039b2,2022-05-03T11:04:09.682Z,survey,[object Object],[object Object],[object Object]
62710c2c96f14ef90e1039b3,2022-05-03T11:04:09.672Z,survey,[object Object],[object Object],[object Object]
62710c4896f14ef90e1039b4,2022-05-03T11:04:39.636Z,survey,[object Object],[object Object],[object Object]
62710c6b96f14ef90e1039b5,2022-05-03T11:05:15.570Z,survey,[object Object],[object Object],[object Object]
62710caf96f14ef90e1039b6,2022-05-03T11:06:24.250Z,survey,[object Object],[object Object],[object Object]
62710cc496f14ef90e1039b7,2022-05-03T11:06:43.633Z,survey,[object Object],[object Object],[object Object]
62710cdd96f14ef90e1039b8,2022-05-03T11:07:08.859Z,survey,[object Object],[object Object],[object Object]
62710cef96f14ef90e1039b9,2022-05-03T11:07:28.458Z,survey,[object Object],[object Object],[object Object]
62710cff96f14ef90e1039ba,2022-05-03T11:07:42.393Z,survey,[object Object],[object Object],[object Object]
62710cff96f14ef90e1039bb,2022-05-03T11:07:42.395Z,survey,[object Object],[object Object],[object Object]
62710d3196f14ef90e1039bc,2022-05-03T11:08:35.052Z,survey,[object Object],[object Object],[object Object]
62710d7a96f14ef90e1039bd,2022-05-03T11:09:46.328Z,survey,[object Object],[object Object],[object Object]
62710d9396f14ef90e1039be,2022-05-03T11:10:11.256Z,survey,[object Object],[object Object],[object Object]
62710d9796f14ef90e1039bf,2022-05-03T11:10:15.182Z,survey,[object Object],[object Object],[object Object]
62710d9996f14ef90e1039c0,2022-05-03T11:10:17.753Z,survey,[object Object],[object Object],[object Object]
62710db496f14ef90e1039c1,2022-05-03T11:10:45.458Z,survey,[object Object],[object Object],[object Object]
62710dd796f14ef90e1039c2,2022-05-03T11:11:29.271Z,survey,[object Object],[object Object],[object Object]
62710de496f14ef90e1039c3,2022-05-03T11:11:33.282Z,survey,[object Object],[object Object],[object Object]
62710e0696f14ef90e1039c4,2022-05-03T11:12:05.040Z,survey,[object Object],[object Object],[object Object]
62710e0d96f14ef90e1039c5,2022-05-03T11:12:14.813Z,survey,[object Object],[object Object],[object Object]
62710e0d96f14ef90e1039c6,2022-05-03T11:12:14.828Z,survey,[object Object],[object Object],[object Object]
62710e1896f14ef90e1039c7,2022-05-03T11:12:23.133Z,survey,[object Object],[object Object],[object Object]
62710e2b96f14ef90e1039c8,2022-05-03T11:12:43.226Z,survey,[object Object],[object Object],[object Object]
62710e2c96f14ef90e1039c9,2022-05-03T11:12:43.424Z,survey,[object Object],[object Object],[object Object]
62710e3f96f14ef90e1039ca,2022-05-03T11:13:02.828Z,survey,[object Object],[object Object],[object Object]
62710e3f96f14ef90e1039cb,2022-05-03T11:13:02.825Z,survey,[object Object],[object Object],[object Object]
62710e6696f14ef90e1039cc,2022-05-03T11:13:42.553Z,survey,[object Object],[object Object],[object Object]
62710e7196f14ef90e1039cd,2022-05-03T11:13:53.252Z,survey,[object Object],[object Object],[object Object]
62710eb096f14ef90e1039ce,2022-05-03T11:14:55.718Z,survey,[object Object],[object Object],[object Object]
62710eb396f14ef90e1039cf,2022-05-03T11:15:01.253Z,survey,[object Object],[object Object],[object Object]
62710ece96f14ef90e1039d0,2022-05-03T11:15:28.012Z,survey,[object Object],[object Object],[object Object]
62710edf96f14ef90e1039d1,2022-05-03T11:15:41.724Z,survey,[object Object],[object Object],[object Object]
62710f2996f14ef90e1039d2,2022-05-03T11:16:56.327Z,survey,[object Object],[object Object],[object Object]
62710f9296f14ef90e1039d3,2022-05-03T11:18:42.779Z,survey,[object Object],[object Object],[object Object]
62710fb596f14ef90e1039d4,2022-05-03T11:19:16.508Z,survey,[object Object],[object Object],[object Object]
62710fbb96f14ef90e1039d5,2022-05-03T11:19:23.657Z,survey,[object Object],[object Object],[object Object]
62710fbf96f14ef90e1039d6,2022-05-03T11:19:26.025Z,survey,[object Object],[object Object],[object Object]
62710fbf96f14ef90e1039d7,2022-05-03T11:19:26.033Z,survey,[object Object],[object Object],[object Object]
62710fd796f14ef90e1039d8,2022-05-03T11:19:34.745Z,survey,[object Object],[object Object],[object Object]
6271100a96f14ef90e1039d9,2022-05-03T11:20:41.365Z,survey,[object Object],[object Object],[object Object]
6271101696f14ef90e1039da,2022-05-03T11:20:53.115Z,survey,[object Object],[object Object],[object Object]
6271101696f14ef90e1039db,2022-05-03T11:20:53.113Z,survey,[object Object],[object Object],[object Object]
6271101696f14ef90e1039dc,2022-05-03T11:20:53.119Z,survey,[object Object],[object Object],[object Object]
6271102096f14ef90e1039dd,2022-05-03T11:21:04.127Z,survey,[object Object],[object Object],[object Object]
6271102d96f14ef90e1039de,2022-05-03T11:21:16.586Z,survey,[object Object],[object Object],[object Object]
6271103196f14ef90e1039df,2022-05-03T11:21:20.567Z,survey,[object Object],[object Object],[object Object]
6271103196f14ef90e1039e0,2022-05-03T11:21:20.570Z,survey,[object Object],[object Object],[object Object]
6271103c96f14ef90e1039e1,2022-05-03T11:21:32.056Z,survey,[object Object],[object Object],[object Object]
6271103f96f14ef90e1039e2,2022-05-03T11:21:33.763Z,survey,[object Object],[object Object],[object Object]
6271103f96f14ef90e1039e3,2022-05-03T11:21:33.761Z,survey,[object Object],[object Object],[object Object]
6271104096f14ef90e1039e4,2022-05-03T11:21:35.551Z,survey,[object Object],[object Object],[object Object]
6271104096f14ef90e1039e5,2022-05-03T11:21:35.556Z,survey,[object Object],[object Object],[object Object]
6271104c96f14ef90e1039e6,2022-05-03T11:21:46.945Z,survey,[object Object],[object Object],[object Object]
6271104c96f14ef90e1039e7,2022-05-03T11:21:46.943Z,survey,[object Object],[object Object],[object Object]
6271104c96f14ef90e1039e8,2022-05-03T11:21:46.946Z,survey,[object Object],[object Object],[object Object]
6271105596f14ef90e1039e9,2022-05-03T11:21:56.786Z,survey,[object Object],[object Object],[object Object]
6271106096f14ef90e1039ea,2022-05-03T11:22:09.396Z,survey,[object Object],[object Object],[object Object]
6271107596f14ef90e1039eb,2022-05-03T11:22:29.893Z,survey,[object Object],[object Object],[object Object]
6271107b96f14ef90e1039ec,2022-05-03T11:22:35.408Z,survey,[object Object],[object Object],[object Object]
6271109396f14ef90e1039ed,2022-05-03T11:22:59.860Z,survey,[object Object],[object Object],[object Object]
6271109c96f14ef90e1039ee,2022-05-03T11:23:08.807Z,survey,[object Object],[object Object],[object Object]
6271109c96f14ef90e1039ef,2022-05-03T11:23:08.815Z,survey,[object Object],[object Object],[object Object]
627110a496f14ef90e1039f0,2022-05-03T11:23:17.370Z,survey,[object Object],[object Object],[object Object]
627110b396f14ef90e1039f1,2022-05-03T11:23:30.135Z,survey,[object Object],[object Object],[object Object]
627110ba96f14ef90e1039f2,2022-05-03T11:23:37.414Z,survey,[object Object],[object Object],[object Object]
627110ca96f14ef90e1039f3,2022-05-03T11:23:53.026Z,survey,[object Object],[object Object],[object Object]
6271111496f14ef90e1039f4,2022-05-03T11:25:07.515Z,survey,[object Object],[object Object],[object Object]
6271111496f14ef90e1039f5,2022-05-03T11:25:07.516Z,survey,[object Object],[object Object],[object Object]
6271111496f14ef90e1039f6,2022-05-03T11:25:07.513Z,survey,[object Object],[object Object],[object Object]
6271111c96f14ef90e1039f7,2022-05-03T11:25:15.714Z,survey,[object Object],[object Object],[object Object]
6271111e96f14ef90e1039f8,2022-05-03T11:25:17.183Z,survey,[object Object],[object Object],[object Object]
6271111e96f14ef90e1039f9,2022-05-03T11:25:17.178Z,survey,[object Object],[object Object],[object Object]
6271112796f14ef90e1039fa,2022-05-03T11:25:25.602Z,survey,[object Object],[object Object],[object Object]
6271112f96f14ef90e1039fb,2022-05-03T11:25:34.768Z,survey,[object Object],[object Object],[object Object]
6271112f96f14ef90e1039fc,2022-05-03T11:25:34.765Z,survey,[object Object],[object Object],[object Object]
6271112f96f14ef90e1039fd,2022-05-03T11:25:34.757Z,survey,[object Object],[object Object],[object Object]
6271113196f14ef90e1039fe,2022-05-03T11:25:38.390Z,survey,[object Object],[object Object],[object Object]
6271114696f14ef90e1039ff,2022-05-03T11:25:58.373Z,survey,[object Object],[object Object],[object Object]
6271115696f14ef90e103a00,2022-05-03T11:26:13.854Z,survey,[object Object],[object Object],[object Object]
6271115f96f14ef90e103a01,2022-05-03T11:26:22.449Z,survey,[object Object],[object Object],[object Object]
6271115f96f14ef90e103a02,2022-05-03T11:26:22.446Z,survey,[object Object],[object Object],[object Object]
6271115f96f14ef90e103a03,2022-05-03T11:26:22.448Z,survey,[object Object],[object Object],[object Object]
6271115f96f14ef90e103a04,2022-05-03T11:26:22.450Z,survey,[object Object],[object Object],[object Object]
6271116896f14ef90e103a05,2022-05-03T11:26:31.827Z,survey,[object Object],[object Object],[object Object]
6271116896f14ef90e103a06,2022-05-03T11:26:31.826Z,survey,[object Object],[object Object],[object Object]
6271118796f14ef90e103a07,2022-05-03T11:27:03.070Z,survey,[object Object],[object Object],[object Object]
6271118796f14ef90e103a08,2022-05-03T11:27:03.796Z,survey,[object Object],[object Object],[object Object]
6271119696f14ef90e103a09,2022-05-03T11:27:17.775Z,survey,[object Object],[object Object],[object Object]
627111a396f14ef90e103a0a,2022-05-03T11:27:30.490Z,survey,[object Object],[object Object],[object Object]
627111b196f14ef90e103a0b,2022-05-03T11:27:44.324Z,survey,[object Object],[object Object],[object Object]
6271121c96f14ef90e103a0c,2022-05-03T11:29:31.647Z,survey,[object Object],[object Object],[object Object]
6271121c96f14ef90e103a0d,2022-05-03T11:29:31.650Z,survey,[object Object],[object Object],[object Object]
627112a096f14ef90e103a0e,2022-05-03T11:31:44.764Z,survey,[object Object],[object Object],[object Object]
627112b096f14ef90e103a0f,2022-05-03T11:32:00.230Z,survey,[object Object],[object Object],[object Object]
627112d796f14ef90e103a10,2022-05-03T11:32:37.986Z,survey,[object Object],[object Object],[object Object]
627112e496f14ef90e103a11,2022-05-03T11:32:52.850Z,survey,[object Object],[object Object],[object Object]
627112e596f14ef90e103a12,2022-05-03T11:32:52.851Z,survey,[object Object],[object Object],[object Object]
6271130d96f14ef90e103a13,2022-05-03T11:33:28.645Z,survey,[object Object],[object Object],[object Object]
6271130e96f14ef90e103a14,2022-05-03T11:33:34.693Z,survey,[object Object],[object Object],[object Object]
6271130e96f14ef90e103a15,2022-05-03T11:33:34.695Z,survey,[object Object],[object Object],[object Object]
6271130e96f14ef90e103a16,2022-05-03T11:33:34.698Z,survey,[object Object],[object Object],[object Object]
6271132b96f14ef90e103a17,2022-05-03T11:34:05.837Z,survey,[object Object],[object Object],[object Object]
6271143496f14ef90e103a18,2022-05-03T11:38:26.589Z,survey,[object Object],[object Object],[object Object]
6271144496f14ef90e103a19,2022-05-03T11:38:44.361Z,survey,[object Object],[object Object],[object Object]
6271145a96f14ef90e103a1a,2022-05-03T11:39:07.199Z,survey,[object Object],[object Object],[object Object]
6271155d96f14ef90e103a1b,2022-05-03T11:43:24.284Z,survey,[object Object],[object Object],[object Object]
6271157496f14ef90e103a1c,2022-05-03T11:43:49.861Z,survey,[object Object],[object Object],[object Object]
627115af96f14ef90e103a1d,2022-05-03T11:44:48.894Z,survey,[object Object],[object Object],[object Object]
627115f496f14ef90e103a1e,2022-05-03T11:45:55.958Z,survey,[object Object],[object Object],[object Object]
6271163b96f14ef90e103a1f,2022-05-03T11:47:06.191Z,survey,[object Object],[object Object],[object Object]
627116a596f14ef90e103a20,2022-05-03T11:50:34.110Z,survey,[object Object],[object Object],[object Object]
627117cd96f14ef90e103a21,2022-05-03T11:53:48.976Z,survey,[object Object],[object Object],[object Object]
6271187d96f14ef90e103a22,2022-05-03T11:56:45.130Z,survey,[object Object],[object Object],[object Object]
6271189e96f14ef90e103a23,2022-05-03T11:57:16.748Z,survey,[object Object],[object Object],[object Object]
6271194496f14ef90e103a24,2022-05-03T12:00:03.701Z,survey,[object Object],[object Object],[object Object]
6271198996f14ef90e103a25,2022-05-03T12:01:12.722Z,survey,[object Object],[object Object],[object Object]
62711b7396f14ef90e103a26,2022-05-03T12:09:22.184Z,survey,[object Object],[object Object],[object Object]
62711c1396f14ef90e103a27,2022-05-03T12:12:03.331Z,survey,[object Object],[object Object],[object Object]
62711c2296f14ef90e103a28,2022-05-03T12:12:17.718Z,survey,[object Object],[object Object],[object Object]
62711cde96f14ef90e103a29,2022-05-03T12:15:25.875Z,survey,[object Object],[object Object],[object Object]
62711ce196f14ef90e103a2a,2022-05-03T12:15:29.664Z,survey,[object Object],[object Object],[object Object]
62711cfc96f14ef90e103a2b,2022-05-03T12:15:55.305Z,survey,[object Object],[object Object],[object Object]
62711d3096f14ef90e103a2c,2022-05-03T12:16:46.930Z,survey,[object Object],[object Object],[object Object]
62711d5e96f14ef90e103a2d,2022-05-03T12:17:33.955Z,survey,[object Object],[object Object],[object Object]
62711d6196f14ef90e103a2e,2022-05-03T12:17:37.017Z,survey,[object Object],[object Object],[object Object]
62711d7b96f14ef90e103a2f,2022-05-03T12:18:03.910Z,survey,[object Object],[object Object],[object Object]
62711dbb96f14ef90e103a30,2022-05-03T12:19:05.908Z,survey,[object Object],[object Object],[object Object]
62711dca96f14ef90e103a31,2022-05-03T12:19:22.193Z,survey,[object Object],[object Object],[object Object]
62711dff96f14ef90e103a32,2022-05-03T12:20:13.750Z,survey,[object Object],[object Object],[object Object]
62711dff96f14ef90e103a33,2022-05-03T12:20:14.716Z,survey,[object Object],[object Object],[object Object]
62711e4796f14ef90e103a34,2022-05-03T12:21:25.607Z,survey,[object Object],[object Object],[object Object]
62711e5396f14ef90e103a35,2022-05-03T12:21:40.174Z,survey,[object Object],[object Object],[object Object]
62711e9396f14ef90e103a36,2022-05-03T12:22:44.361Z,survey,[object Object],[object Object],[object Object]
62711f6b96f14ef90e103a37,2022-05-03T12:26:18.981Z,survey,[object Object],[object Object],[object Object]
62711f7396f14ef90e103a38,2022-05-03T12:26:26.472Z,survey,[object Object],[object Object],[object Object]
6271200396f14ef90e103a39,2022-05-03T12:28:51.555Z,survey,[object Object],[object Object],[object Object]
6271207c96f14ef90e103a3a,2022-05-03T12:30:50.089Z,survey,[object Object],[object Object],[object Object]
627120aa96f14ef90e103a3b,2022-05-03T12:31:38.146Z,survey,[object Object],[object Object],[object Object]
627120c596f14ef90e103a3c,2022-05-03T12:32:04.404Z,survey,[object Object],[object Object],[object Object]
6271210d96f14ef90e103a3d,2022-05-03T12:33:16.786Z,survey,[object Object],[object Object],[object Object]
6271210d96f14ef90e103a3e,2022-05-03T12:33:16.783Z,survey,[object Object],[object Object],[object Object]
6271212696f14ef90e103a3f,2022-05-03T12:33:41.070Z,survey,[object Object],[object Object],[object Object]
6271214796f14ef90e103a40,2022-05-03T12:34:15.711Z,survey,[object Object],[object Object],[object Object]
6271214896f14ef90e103a41,2022-05-03T12:34:15.708Z,survey,[object Object],[object Object],[object Object]
6271214896f14ef90e103a42,2022-05-03T12:34:15.713Z,survey,[object Object],[object Object],[object Object]
6271214b96f14ef90e103a43,2022-05-03T12:34:17.740Z,survey,[object Object],[object Object],[object Object]
6271214d96f14ef90e103a44,2022-05-03T12:34:21.397Z,survey,[object Object],[object Object],[object Object]
6271215f96f14ef90e103a45,2022-05-03T12:34:38.772Z,survey,[object Object],[object Object],[object Object]
6271216296f14ef90e103a46,2022-05-03T12:34:42.281Z,survey,[object Object],[object Object],[object Object]
6271216296f14ef90e103a47,2022-05-03T12:34:42.295Z,survey,[object Object],[object Object],[object Object]
627121f796f14ef90e103a48,2022-05-03T12:37:10.805Z,survey,[object Object],[object Object],[object Object]
6271222196f14ef90e103a49,2022-05-03T12:37:52.499Z,survey,[object Object],[object Object],[object Object]
6271225296f14ef90e103a4a,2022-05-03T12:38:41.879Z,survey,[object Object],[object Object],[object Object]
6271227c96f14ef90e103a4b,2022-05-03T12:39:23.216Z,survey,[object Object],[object Object],[object Object]
627122b196f14ef90e103a4c,2022-05-03T12:40:17.299Z,survey,[object Object],[object Object],[object Object]
627122cb96f14ef90e103a4d,2022-05-03T12:40:42.786Z,survey,[object Object],[object Object],[object Object]
627122cb96f14ef90e103a4e,2022-05-03T12:40:42.776Z,survey,[object Object],[object Object],[object Object]
6271247596f14ef90e103a4f,2022-05-03T12:47:49.550Z,survey,[object Object],[object Object],[object Object]
6271251e96f14ef90e103a50,2022-05-03T12:50:38.429Z,survey,[object Object],[object Object],[object Object]
6271253496f14ef90e103a51,2022-05-03T12:50:58.416Z,survey,[object Object],[object Object],[object Object]
6271261696f14ef90e103a52,2022-05-03T12:54:46.369Z,survey,[object Object],[object Object],[object Object]
6271262496f14ef90e103a53,2022-05-03T12:55:00.537Z,survey,[object Object],[object Object],[object Object]
6271262496f14ef90e103a54,2022-05-03T12:55:00.541Z,survey,[object Object],[object Object],[object Object]
6271269496f14ef90e103a55,2022-05-03T12:56:51.539Z,survey,[object Object],[object Object],[object Object]
6271277996f14ef90e103a56,2022-05-03T13:00:41.943Z,survey,[object Object],[object Object],[object Object]
627127d796f14ef90e103a57,2022-05-03T13:02:15.086Z,survey,[object Object],[object Object],[object Object]
6271280496f14ef90e103a58,2022-05-03T13:02:59.352Z,survey,[object Object],[object Object],[object Object]
6271280496f14ef90e103a59,2022-05-03T13:03:01.074Z,survey,[object Object],[object Object],[object Object]
6271282696f14ef90e103a5a,2022-05-03T13:03:33.559Z,survey,[object Object],[object Object],[object Object]
6271286896f14ef90e103a5b,2022-05-03T13:04:37.926Z,survey,[object Object],[object Object],[object Object]
6271286e96f14ef90e103a5c,2022-05-03T13:04:45.766Z,survey,[object Object],[object Object],[object Object]
6271289a96f14ef90e103a5d,2022-05-03T13:05:29.772Z,survey,[object Object],[object Object],[object Object]
6271289a96f14ef90e103a5e,2022-05-03T13:05:29.777Z,survey,[object Object],[object Object],[object Object]
627128a896f14ef90e103a5f,2022-05-03T13:05:44.058Z,survey,[object Object],[object Object],[object Object]
627128a896f14ef90e103a60,2022-05-03T13:05:44.064Z,survey,[object Object],[object Object],[object Object]
627128bd96f14ef90e103a61,2022-05-03T13:06:04.773Z,survey,[object Object],[object Object],[object Object]
627128bd96f14ef90e103a62,2022-05-03T13:06:04.770Z,survey,[object Object],[object Object],[object Object]
627128bd96f14ef90e103a63,2022-05-03T13:06:04.776Z,survey,[object Object],[object Object],[object Object]
627128fd96f14ef90e103a64,2022-05-03T13:07:09.380Z,survey,[object Object],[object Object],[object Object]
6271299b96f14ef90e103a65,2022-05-03T13:09:46.993Z,survey,[object Object],[object Object],[object Object]
627129c696f14ef90e103a66,2022-05-03T13:10:30.374Z,survey,[object Object],[object Object],[object Object]
627129de96f14ef90e103a67,2022-05-03T13:10:54.036Z,survey,[object Object],[object Object],[object Object]
62712b0296f14ef90e103a68,2022-05-03T13:15:46.383Z,survey,[object Object],[object Object],[object Object]
62712b4896f14ef90e103a69,2022-05-03T13:16:56.167Z,survey,[object Object],[object Object],[object Object]
62712c7596f14ef90e103a6a,2022-05-03T13:21:57.465Z,survey,[object Object],[object Object],[object Object]
62712d6396f14ef90e103a6b,2022-05-03T13:25:55.364Z,survey,[object Object],[object Object],[object Object]
62712dd596f14ef90e103a6c,2022-05-03T13:27:50.397Z,survey,[object Object],[object Object],[object Object]
62712e2496f14ef90e103a6d,2022-05-03T13:29:07.659Z,survey,[object Object],[object Object],[object Object]
62712e9b96f14ef90e103a6e,2022-05-03T13:31:06.307Z,survey,[object Object],[object Object],[object Object]
62712efe96f14ef90e103a6f,2022-05-03T13:32:46.332Z,survey,[object Object],[object Object],[object Object]
62712f1796f14ef90e103a70,2022-05-03T13:33:12.200Z,survey,[object Object],[object Object],[object Object]
62712f2996f14ef90e103a71,2022-05-03T13:33:27.841Z,survey,[object Object],[object Object],[object Object]
62712f4596f14ef90e103a72,2022-05-03T13:33:56.309Z,survey,[object Object],[object Object],[object Object]
627130de96f14ef90e103a73,2022-05-03T13:40:46.359Z,survey,[object Object],[object Object],[object Object]
6271319796f14ef90e103a74,2022-05-03T13:43:51.500Z,survey,[object Object],[object Object],[object Object]
627131cd96f14ef90e103a75,2022-05-03T13:44:45.388Z,survey,[object Object],[object Object],[object Object]
627131dc96f14ef90e103a76,2022-05-03T13:45:00.221Z,survey,[object Object],[object Object],[object Object]
627131dc96f14ef90e103a77,2022-05-03T13:45:00.224Z,survey,[object Object],[object Object],[object Object]
627131dc96f14ef90e103a78,2022-05-03T13:45:00.218Z,survey,[object Object],[object Object],[object Object]
627131fa96f14ef90e103a79,2022-05-03T13:45:31.186Z,survey,[object Object],[object Object],[object Object]
6271321c96f14ef90e103a7a,2022-05-03T13:46:03.665Z,survey,[object Object],[object Object],[object Object]
6271331796f14ef90e103a7b,2022-05-03T13:50:15.618Z,survey,[object Object],[object Object],[object Object]
6271339e96f14ef90e103a7c,2022-05-03T13:52:30.096Z,survey,[object Object],[object Object],[object Object]
627133ce96f14ef90e103a7d,2022-05-03T13:53:17.827Z,survey,[object Object],[object Object],[object Object]
627133d896f14ef90e103a7e,2022-05-03T13:53:27.756Z,survey,[object Object],[object Object],[object Object]
6271340e96f14ef90e103a7f,2022-05-03T13:54:20.737Z,survey,[object Object],[object Object],[object Object]
627135b996f14ef90e103a80,2022-05-03T14:01:29.944Z,survey,[object Object],[object Object],[object Object]
627139df96f14ef90e103a81,2022-05-03T14:19:11.727Z,survey,[object Object],[object Object],[object Object]
6271a1c196f14ef90e103a82,2022-05-03T21:42:23.939Z,survey,[object Object],[object Object],[object Object]
6271b88d96f14ef90e103a83,2022-05-03T23:19:40.079Z,survey,[object Object],[object Object],[object Object]
6271d03e96f14ef90e103a84,2022-05-04T01:00:45.795Z,survey,[object Object],[object Object],[object Object]
